{
    "$schema": "http://json-schema.org/draft-03/schema#",
    "type": "array",
    "minItems": 10,
    "items": {
        "type": "object",
        "properties": {
            "productId": {
                "type": "integer",
                "minimum": 1
            },
            "productTitle": {
                "type": "string",
                "minLength": 3,
                "maxLength": 10,
                "enum": [ "iPhone", "iPad", "Apple TV" ]
            },            
            "price": {
                "type": "number",
                "minimum": 100
            }            
        }
    }
  }